keyword,lang,service,rank,result_type,change,monthly_volume,observed_url,primary_url,review
identidad visual girona,es,branding,1,ai overview,1,n/a,/es/branding-girona,/es/branding-girona,
palsec,es,brand,1,ai overview,0,20,/,/,
palsec agcy,es,brand,1,ai overview,13,n/a,/,/,
palsec agency,es,brand,1,ai overview,0,n/a,/,/,
identitat visual girona,ca,branding,12,organic,-4,n/a,/ca/branding-girona,/ca/branding-girona,
branding girona,es,branding,16,organic,5,390,/es/branding-girona,/es/branding-girona,
estudio de branding girona,es,branding,16,organic,29,n/a,/es,/es/branding-girona,URL diferent de la principal proposada
estudio de diseño gráfico girona,es,graphic,21,organic,3,n/a,/es/diseno-grafico-girona,/es/diseno-grafico-girona,
desenvolupament web girona,ca,development,22,organic,-3,n/a,/ca/desenvolupament-web-girona,/ca/desenvolupament-web-girona,
estudi de branding girona,ca,branding,24,organic,76,n/a,/ca/branding-girona,/ca/branding-girona,
identidad corporativa girona,es,branding,28,organic,-12,n/a,/es/branding-girona,/es/branding-girona,
diseño gráfico girona,es,graphic,35,organic,-8,70,/es/diseno-grafico-girona,/es/diseno-grafico-girona,
creación páginas web girona,es,web,48,organic,-2,n/a,/es/diseno-web-girona,/es/diseno-web-girona,
desarrollo web girona,es,development,48,organic,-5,390,/es/diseno-web-girona,/es/desarrollo-web-girona,URL diferent de la principal proposada
disseny web a mida girona,ca,web,48,organic,-20,n/a,/ca/disseny-web-girona,/ca/disseny-web-girona,
disseny gràfic girona,ca,graphic,49,organic,-12,70,/ca/disseny-grafic-girona,/ca/disseny-grafic-girona,
diseño páginas web girona,es,web,52,organic,2,20,/es/diseno-web-girona,/es/diseno-web-girona,
agencia branding girona,es,branding,57,organic,-19,40,/es/branding-girona,/es/branding-girona,
agència branding girona,ca,branding,62,organic,-19,n/a,/es/branding-girona,/ca/branding-girona,URL diferent de la principal proposada
diseño web girona,es,web,66,organic,-12,880,/es/diseno-web-girona,/es/diseno-web-girona,
disseny de logotips girona,ca,branding,67,organic,-7,n/a,/ca/branding-girona,/ca/branding-girona,
direcció creativa girona,ca,branding,78,organic,-15,n/a,/ca/branding-girona,/ca/branding-girona,
agencia diseño web girona,es,web,-,,-,30,,/es/diseno-web-girona,sense resultat al top 100
agència disseny web girona,ca,web,-,,-,30,,/ca/disseny-web-girona,sense resultat al top 100
animació gràfica girona,ca,graphic,-,,-,n/a,,/ca/disseny-grafic-girona,sense resultat al top 100
animación gráfica girona,es,graphic,-,,-,n/a,,/es/diseno-grafico-girona,sense resultat al top 100
branding costa brava,es,branding,-,,-,30,,/es/branding-girona,sense resultat al top 100
creació pàgines web girona,ca,web,-,,-,n/a,,/ca/disseny-web-girona,sense resultat al top 100
desarrollo web costa brava,es,development,-,,-,n/a,,/es/desarrollo-web-girona,sense resultat al top 100
desenvolupament web costa brava,ca,development,-,,-,n/a,,/ca/desenvolupament-web-girona,sense resultat al top 100
dirección creativa girona,es,branding,-,,-,n/a,,/es/branding-girona,sense resultat al top 100
diseño de aplicaciones girona,es,development,-,,-,n/a,,/es/desarrollo-web-girona,sense resultat al top 100
diseño de logotipos girona,es,branding,-,,-,n/a,,/es/branding-girona,sense resultat al top 100
diseño gráfico costa brava,es,graphic,-,,-,n/a,,/es/diseno-grafico-girona,sense resultat al top 100
diseño ux ui girona,es,web,-,,-,n/a,,/es/diseno-web-girona,sense resultat al top 100
diseño web a medida girona,es,web,-,,-,n/a,,/es/diseno-web-girona,sense resultat al top 100
diseño web costa brava,es,web,-,,-,10,,/es/diseno-web-girona,sense resultat al top 100
disseny d aplicacions girona,ca,development,-,,-,n/a,,/ca/desenvolupament-web-girona,sense resultat al top 100
disseny gràfic costa brava,ca,graphic,-,,-,n/a,,/ca/disseny-grafic-girona,sense resultat al top 100
disseny pàgines web girona,ca,web,-,,-,40,,/ca/disseny-web-girona,sense resultat al top 100
disseny ux ui girona,ca,web,-,,-,n/a,,/ca/disseny-web-girona,sense resultat al top 100
disseny web costa brava,ca,web,-,,-,n/a,,/ca/disseny-web-girona,sense resultat al top 100
disseny web girona,ca,web,-,,-,880,,/ca/disseny-web-girona,sense resultat al top 100
estudi de disseny gràfic girona,ca,graphic,-,,-,n/a,,/ca/disseny-grafic-girona,sense resultat al top 100
identitat corporativa girona,ca,branding,-,,-,n/a,,/ca/branding-girona,sense resultat al top 100
motion graphics girona,es,graphic,-,,-,40,,/es/diseno-grafico-girona,sense resultat al top 100
